,code,Energy,Saturated_fatty_acids,Sugars,Fiber,Proteins,Salt,Fruit/vegetable,Original_Nutriscore,Predicted_Nutriscore_ML
0,13305116.0,115.0,0.6,7.8,2.4,3.0,0.11,0.0,a,a
1,13474393.0,354.0,0.15,4.45,3.03,14.41,1.11,0.0,b,b
2,17407496.0,582.0,6.4,44.0,3.8,6.7,0.09,13.0,d,d
3,17461221.0,500.0,12.0,34.0,2.0,7.0,1.5,0.0,e,e
4,17894722.0,183.0,5.9,5.9,1.2,3.0,0.41,0.0,e,b
5,19365664.0,184.0,6.2,15.0,0.0,5.6,0.12,0.0,d,c
6,19721945.0,429.0,6.2,12.6,7.2,13.3,0.15,8.0,c,c
7,2000000044992.0,444.0,9.4,27.9,3.5,5.6,0.01,0.0,d,d
8,2000000044993.0,469.0,12.2,26.1,1.2,6.5,0.01,0.0,e,e
9,2000000077592.0,210.0,2.0,13.0,5.0,12.0,0.6604,12.5,d,b
10,2000000077804.0,86.0,1.2,12.8,1.9,0.7,0.0,80.0,d,b
11,2000000144343.0,430.0,3.8,20.0,8.0,9.6,0.02,2.0,c,c
12,20001216.0,380.0,1.0,28.8,5.0,8.8,0.6858,0.0,c,c
13,20008574.0,248.0,1.4,3.9,6.7,0.48,2.5,0.0,c,b
14,20010373.0,388.0,1.2,29.4,6.9,7.0,0.6604,0.5,c,c
15,20083960.0,378.0,1.1,24.5,7.3,10.0,0.48,0.0,c,c
16,20100000.0,378.0,1.1,24.5,7.3,10.0,0.48,0.0,c,c
17,20206093.0,480.0,13.5,21.5,6.0,6.9,0.02,0.0,d,d
18,202588006560.0,437.0,14.0,33.0,2.5,6.3,0.09,0.0,e,e
19,2000000000000.0,430.0,3.8,20.0,8.0,9.6,0.02,2.0,c,c
20,20000000.0,248.0,1.4,3.9,6.7,0.48,2.5,0.0,c,b
21,21908509365.0,422.0,4.44,44.44,8.9,8.89,167.5,0.0,d,d
22,24062299.0,490.0,15.0,24.0,0.0,6.6,0.01,0.0,e,e
23,26049748.0,152.0,3.2,20.0,0.0,4.2,0.1,0.0,c,c
24,26077345.0,374.0,4.3,20.0,0.0,8.9,0.05,0.0,d,c
25,2700920001160.0,0.0,0.0,0.0,0.0,0.0,0.0,0.0,b,a
26,27038284.0,436.0,4.0,17.0,8.5,8.3,0.0,0.0,c,c
27,2730384003486.0,660.0,10.1,15.6,9.0,12.0,0.03,80.0,d,d
28,27000000.0,436.0,4.0,17.0,8.5,8.3,0.0,0.0,c,c
29,28000033279.0,571.4285714,21.42857143,42.85714286,7.142857143,7.142857143,0.0,0.0,e,e
30,28000394257.0,571.0,21.43,42.86,7.1,7.14,0.0,0.0,e,e
31,2194110.0,475.0,7.0,18.0,8.0,8.0,0.0,0.0,c,c
32,3023290014080.0,148.0,5.4,14.6,0.0,2.6,0.1,0.0,c,c
33,3020000000000.0,148.0,5.4,14.6,0.0,2.6,0.1,0.0,c,c
34,3050003109009.0,413.0,5.8,11.0,6.3,9.0,0.06,0.0,c,c
35,3052351059500.0,233.0,1.5,22.86,4.81,5.77,0.03,0.0,b,b
36,3111900330009.0,388.0,2.4,18.0,9.0,11.0,0.2,0.0,a,b
37,3111900330023.0,396.0,2.5,13.0,3.5,7.2,0.01,0.0,b,b
38,3111900330061.0,390.0,2.1,16.0,38.0,6.4,0.18,0.0,c,b
39,3111900350595.0,410.0,3.6,22.0,3.3,7.3,0.26,0.0,c,c
40,3159470000700.0,381.0,1.0,29.0,5.0,9.0,0.775,0.0,c,c
41,3168390008932.0,448.0,9.7,54.8,1.5,14.6,0.3,0.0,e,e
42,3175681047044.0,464.0,5.7,22.0,7.9,8.4,0.31,0.0,c,c
43,3175681231313.0,538.0,11.0,29.0,4.9,11.0,0.0,0.0,d,d
44,3178530411317.0,565.0,22.0,52.0,0.0,5.6,0.29,0.0,e,e
45,3178530413038.0,455.0,18.0,19.0,0.0,6.2,1.1,0.0,e,e
46,3178530422030.0,500.0,11.0,36.0,2.3,7.2,0.45,0.0,e,e
47,3179142725007.0,321.0,0.7,54.0,0.0,1.1,0.02,0.0,d,d
48,3184340930702.0,515.0,15.0,27.0,2.8,7.9,0.79,0.0,e,e
49,3184670001547.0,218.0,8.0,17.0,0.0,4.5,0.1,0.0,d,d
50,3222475413391.0,379.0,1.7,25.0,7.9,9.7,0.19,0.0,b,b
51,3222475485664.0,495.0,14.0,21.0,6.6,7.5,0.02,0.0,d,d
52,3222475820908.0,568.0,24.0,45.0,0.0,8.3,0.25,0.0,e,e
53,3222475982330.0,495.0,14.0,21.0,6.6,7.5,0.02,0.0,d,d
54,3222475982880.0,513.0,15.0,29.0,3.9,7.1,0.1,0.0,d,d
55,3222475983290.0,487.0,13.0,20.0,9.3,7.0,0.0,0.0,d,d
56,3222476416643.0,162.0,4.7,13.0,1.6,5.7,0.11,0.0,c,c
57,3222476755865.0,246.0,14.0,13.0,3.1,2.7,0.02,78.0,d,d
58,3222476861528.0,171.0,5.7,15.0,1.6,5.2,0.11,0.0,c,c
59,3222476990136.0,473.0,12.0,20.0,6.8,7.7,0.0,0.0,d,d
60,3222476990143.0,485.0,12.0,25.0,3.0,7.5,0.08,0.0,d,d
61,3222477420366.0,374.0,1.0,19.0,9.8,11.0,0.2,0.0,a,b
62,3222477445918.0,368.0,3.5,28.0,12.0,6.2,0.16,40.5,c,c
63,3228857001132.0,340.0,3.5,18.0,4.4,8.0,0.75,0.0,c,c
64,3228857001149.0,340.0,3.5,18.0,4.4,8.0,0.75,0.0,c,c
65,3228857001156.0,340.0,3.9,16.4,3.9,8.3,0.75,0.0,c,c
66,3228857001163.0,340.0,3.9,16.4,3.9,8.3,0.75,0.0,c,c
67,3228857001309.0,366.0,2.5,14.0,5.0,7.5,0.75,0.0,c,c
68,3228857001347.0,357.0,2.7,16.6,5.2,7.0,0.65,0.0,c,c
69,3228857001934.0,348.0,4.3,14.0,7.0,9.2,0.9,9.7,c,c
70,3229820100241.0,505.0,16.0,24.0,6.3,7.5,0.05,6.0,d,d
71,3229820160672.0,461.0,4.3,15.0,8.2,10.0,0.03,0.0,c,c
72,3229820764610.0,504.0,16.0,24.0,6.3,7.5,0.1,6.0,d,d
73,3229820786605.0,434.0,4.3,15.0,9.8,9.3,0.07,0.0,c,c
74,3229820788067.0,493.0,14.0,27.0,3.5,7.8,0.09,0.0,d,d
75,3229820789163.0,478.0,14.0,22.0,5.8,6.8,0.02,0.0,d,d
76,3229820791807.0,80.0,0.5,11.0,1.1,1.3,0.05,3.0,b,b
77,3229820792224.0,494.0,14.0,27.0,4.9,7.199999809,0.0,0.0,d,d
78,3229820793665.0,72.0,0.6,7.0,0.9,3.8,0.09,0.0,a,a
79,3229820794181.0,80.0,0.8,8.0,0.9,4.0,0.125,0.0,a,a
80,3229820797908.0,438.0,5.0,14.0,11.0,11.0,0.0,0.0,c,c
81,3229820798110.0,420.0,3.1,12.0,8.9,10.0,0.01,0.0,b,c
82,3229820801056.0,426.0,4.0,14.0,9.6,9.6,0.07,0.0,c,c
83,3220000000000.0,368.0,3.5,28.0,12.0,6.2,0.16,35.7,c,c
84,3230000000000.0,340.0,3.5,18.0,4.4,8.0,0.75,0.0,c,c
85,3245412997952.0,479.0,14.0,22.0,6.3,6.8,0.0,0.0,d,d
86,3250391282869.0,511.0,15.0,29.1,3.9,7.1,0.09,0.0,d,d
87,3250391460274.0,391.0,1.2,28.5,3.5,6.6,0.42,0.0,c,c
88,3250391650743.0,387.0,1.4,28.0,4.9,7.1,0.39,0.0,c,c
89,3250391774029.0,461.0,6.3,21.1,8.5,8.4,0.01,0.0,c,c
90,3250392057510.0,497.0,14.0,25.0,5.2,7.3,0.01,0.0,d,d
91,3250392129811.0,392.0,1.4,28.6,3.1,6.6,0.4,0.0,c,c
92,3250392488598.0,511.0,15.0,29.1,3.9,7.1,0.09,0.0,d,d
93,3250392493769.0,385.0,1.3,24.3,2.2,8.6,0.06,0.0,c,b
94,3250392550707.0,176.0,5.7,15.0,2.8,5.4,0.12,0.0,c,c
95,3250392551339.0,322.0,12.7,23.8,4.7,8.6,0.19,0.0,d,d
96,3250392614959.0,434.0,2.6,28.5,7.8,9.9,0.34,0.0,c,c
97,3251514251007.0,390.0,13.0,33.0,3.2,6.4,0.1,0.0,d,e
98,3251516307009.0,422.0,13.0,29.0,3.0,5.9,0.08,0.0,d,d
99,3252920033508.0,65.0,0.76,10.4,0.0,3.43,0.08,0.0,b,b
100,3252920038411.0,364.0,13.6,22.9,2.9,6.4,0.11,0.0,d,d
101,3252920039470.0,348.0,15.1,18.0,1.0,8.0,0.31,0.0,d,d
102,3254560018037.0,380.0,1.0,26.0,6.5,9.0,0.5,0.0,c,c
103,3254560609907.0,384.0,1.0,30.0,2.9,6.5,0.45,0.0,c,c
104,3255650080194.0,471.0,11.3,31.2,5.9,8.3,0.04,0.0,d,d
105,3256220368315.0,389.0,1.4,32.0,3.5,7.0,0.33,0.0,c,c
106,3256221136272.0,502.0,14.9,23.9,6.0,6.6,0.01,0.0,d,d
107,3256222969336.0,326.0,0.5,24.0,2.5,6.8,0.29,0.0,c,b
108,3256222988245.0,492.0,14.3,27.5,2.4,7.0,0.1,0.0,e,e
109,3256224070184.0,492.0,13.8,21.7,6.2,7.4,0.03,0.0,d,d
110,3256225042418.0,379.0,1.2,24.0,8.9,9.9,0.43,0.0,c,c
111,3256225432875.0,196.0,6.1,15.0,1.5,5.6,0.12,0.0,c,c
112,3256226156046.0,527.0,15.0,34.0,2.8,6.6,0.4,0.0,e,e
113,3256226387655.0,483.0,13.0,24.0,2.7,7.2,0.1,0.0,e,e
114,3256226387662.0,479.0,14.0,22.0,7.1,7.4,0.01,0.0,d,d
115,3256226763848.0,364.0,1.7,20.0,8.7,9.8,0.42,0.0,b,b
116,3256227109393.0,152.0,3.2,20.0,1.0,4.2,0.1,0.0,c,c
117,3256227454066.0,573.0,23.0,49.0,1.8,6.7,0.21,0.0,e,e
118,3256227454080.0,573.0,23.0,49.0,1.7,6.7,0.21,0.0,e,e
119,3256227742842.0,587.0,27.0,38.0,6.7,5.0,0.01,0.0,e,e
120,3256227742873.0,556.0,18.0,38.0,4.2,8.0,0.18,13.0,e,e
121,3256227751783.0,156.0,4.5,13.0,1.9,5.4,0.1,0.0,c,c
122,3256227763373.0,320.0,13.0,21.0,3.0,6.9,0.16,0.0,d,d
123,3256228686510.0,374.0,0.8,18.0,3.0,6.9,0.01,0.0,b,b
124,3256228686534.0,394.0,2.1,19.0,11.0,9.2,0.01,0.0,b,b
125,3257984018461.0,483.0,14.0,22.0,6.3,6.8,0.02,0.0,d,d
126,3257984550572.0,393.0,1.5,29.0,6.9,9.3,0.26,0.0,c,c
127,3257985566817.0,390.0,1.2,31.0,3.9,7.4,0.34,0.0,c,c
128,3258260034120.0,49.0,0.27,3.52,0.9,1.7,0.005,0.0,a,a
129,3258561040240.0,391.0,1.2,28.5,3.5,6.6,0.42,0.0,c,c
130,3258561260242.0,493.0,14.2,27.2,4.9,7.2,0.5,0.0,e,d
131,3258590000871.0,535.0,6.0,35.6,8.2,11.6,0.0,0.0,d,d
132,3259011209743.0,531.0,8.3,31.0,4.7,11.0,0.0,0.0,d,d
133,3263850576096.0,501.0,18.0,31.0,5.0,7.7,0.33,0.0,d,d
134,3263851322418.0,383.0,1.0,29.0,2.9,6.8,0.79,0.0,c,c
135,3263851325211.0,390.0,1.7,30.0,6.2,9.0,0.2,0.0,c,c
136,3263851325310.0,394.0,1.4,30.0,6.5,7.5,0.37,0.0,c,c
137,3263852557413.0,479.0,14.0,21.6,6.3,6.8,0.0,0.0,d,d
138,3263852558519.0,473.0,12.0,20.0,6.8,7.7,0.0,0.0,d,d
139,3263852746510.0,504.0,11.0,29.0,4.9,8.7,0.6,0.0,e,d
140,3263858827213.0,361.0,13.0,24.0,2.2,6.6,0.12,0.0,d,d
141,3266191002224.0,487.0,14.7,28.3,1.6,6.8,0.12,0.0,e,e
142,3266191006505.0,426.0,9.4,34.0,12.0,6.5,0.01,0.0,d,d
143,3266191008363.0,493.0,14.0,27.0,5.0,7.2,0.0,0.0,d,d
144,3266191008370.0,497.0,14.0,27.0,3.5,7.8,0.1,0.0,d,d
145,3266191008431.0,484.0,15.0,24.0,6.0,6.1,0.0,0.0,d,d
146,3266191008981.0,513.0,14.4,47.8,4.0,6.5,0.04,16.0,e,e
147,3266191056821.0,103.0,0.5,13.0,1.1,3.5,0.15,0.0,b,b
148,3266191067896.0,503.0,12.8,60.3,0.0,5.7,0.1,0.0,e,e
149,3266191081007.0,422.0,2.8,26.0,6.9,8.9,0.7,0.0,c,c
150,3266191081038.0,411.0,4.4,12.0,12.0,11.0,0.02,0.0,c,c
151,3266191081076.0,452.0,9.6,22.0,3.2,6.6,0.7,0.0,d,d
152,3266191085722.0,528.0,15.0,36.0,2.5,6.5,0.36,0.0,e,e
153,3268350120213.0,534.0,9.8,31.1,4.2,5.8,0.15,3.0,d,d
154,3260000000000.0,390.0,1.7,30.0,6.2,9.0,0.2,0.0,c,c
155,3270160587551.0,414.0,16.0,32.0,2.2,6.4,0.12,0.0,e,e
156,3270160820955.0,394.0,4.8,22.0,5.9,7.0,0.3,0.0,c,c
157,3270160821181.0,181.0,3.4,26.0,2.3,2.5,0.09,0.0,c,c
158,3270160853694.0,508.0,16.0,27.0,4.0,6.5,1.1,0.0,e,d
159,3273120024486.0,469.0,6.1,21.0,9.3,9.5,0.2,0.0,c,c
160,3273120026367.0,469.0,6.1,21.0,9.3,9.5,0.2,0.0,c,c
161,3273120026961.0,483.0,6.0,20.0,9.0,9.6,0.2,0.0,c,c
162,3273120027173.0,460.0,3.6,21.0,8.0,9.0,0.24,0.0,c,c
163,3273120028477.0,469.0,6.1,21.0,9.3,9.5,0.2,0.0,c,c
164,3278690085646.0,123.0,1.3,18.0,0.0,7.1,0.29,0.0,b,b
165,3278690085684.0,123.0,1.3,18.0,0.0,7.1,0.29,0.0,b,b
166,3278692500215.0,104.0,1.2,14.0,0.0,6.2,0.14,0.0,b,b
167,3278692500321.0,370.0,17.0,23.0,0.0,6.6,0.33,0.0,e,e
168,3278692500581.0,111.0,1.1,17.0,0.0,5.7,0.22,0.0,b,b
169,3278693504076.0,111.0,1.1,18.0,0.0,5.7,0.22,0.0,b,b
170,3278693604076.0,115.0,1.1,18.0,0.0,5.7,0.22,0.0,b,b
171,3278699700007.0,111.0,1.1,18.0,0.0,5.7,0.2,0.0,b,b
172,3278699700014.0,123.0,1.3,18.0,0.0,7.1,0.29,0.0,b,b
173,3278699700304.0,121.0,1.3,19.0,0.0,6.8,0.27,0.0,c,b
174,3270000000000.0,411.0,4.4,12.0,12.0,11.0,0.02,0.0,c,c
175,3284230010825.0,365.0,4.8,17.5,1.9,8.2,0.9906,0.0,d,c
176,3288131600208.0,420.0,3.8,23.0,3.9,7.0,0.29,0.0,c,c
177,3288132600412.0,387.0,1.6,21.0,7.6,9.7,0.18,0.0,a,b
178,3297760084006.0,159.0,6.5,17.0,1.2,1.5,0.02,0.0,c,c
179,3297760085003.0,177.0,8.5,17.0,1.2,1.6,0.01,0.0,d,d
180,3322680010542.0,464.0,3.7,36.0,2.6,7.1,0.85,0.0,d,d
181,3329483321035.0,449.0,5.0,20.2,6.5,9.5,0.02,0.0,c,c
182,3339523275006.0,304.0,11.5,26.6,1.2,7.6,0.27,0.0,d,d
183,3347430009065.0,403.0,6.5,9.79,8.26,11.42,0.029,0.0,c,c
184,3347430019330.0,423.0,3.95,19.07,5.82,8.83,0.1,0.0,c,c
185,3347430021807.0,473.0,9.83,12.62,3.03,7.0,0.02,0.0,d,d
186,3347430021869.0,440.0,9.85,12.62,7.83,11.16,0.01,0.0,d,d
187,3347430022446.0,448.0,10.08,12.35,3.97,7.26,0.02,0.0,d,d
188,3347431928358.0,357.0,2.4,7.0,9.3,9.9,0.08,0.0,a,a
189,3347439950313.0,440.0,9.85,12.62,7.83,11.16,0.01,0.0,d,d
190,3347439950412.0,436.0,9.83,13.92,5.11,10.25,0.01,0.0,d,d
191,3350031895135.0,586.0,16.0,44.0,2.3,8.2,0.15,0.0,e,e
192,3350031931512.0,380.0,1.7,20.0,8.3,9.3,0.0762,0.0,a,b
193,3350033138759.0,390.0,1.7,30.0,6.2,9.0,0.23,0.0,c,c
194,3350033237933.0,450.0,2.2,45.0,5.5,13.0,0.1,38.0,d,c
195,3350033293366.0,495.0,14.0,21.0,6.6,7.5,0.02,0.0,d,d
196,3350033528109.0,513.0,14.0,34.0,2.7,6.5,0.37,0.0,e,e
197,3350033531512.0,538.0,20.0,42.0,7.2,7.3,0.27,10.3,e,e
198,3350033531529.0,640.0,9.3,36.0,5.2,9.0,0.05,0.0,d,d
199,3350033663381.0,409.0,5.0,17.0,10.0,11.0,0.0,0.0,c,c
200,3350033706378.0,473.0,7.5,36.0,3.4,5.8,0.25,15.0,d,d
201,3350033871540.0,619.0,9.2,30.0,6.4,9.3,0.02,0.0,d,d
202,3350000000000.0,403.0,6.5,9.79,8.26,11.42,0.029,0.0,c,c
203,3370077581403.0,520.0,19.9,39.4,5.1,6.5,0.12,0.0,e,e
204,3370077582233.0,582.0,23.5,47.2,2.1,9.4,0.31,0.0,e,e
205,3370077586361.0,578.0,25.0,46.5,0.0,6.1,1.05,0.0,e,e
206,3372900001157.0,348.0,15.0,18.0,0.0,8.0,0.31,0.0,d,d
207,3372900900054.0,348.0,15.0,18.0,0.0,8.0,0.31,0.0,d,d
208,3372900901730.0,348.0,15.0,18.0,0.0,8.0,0.31,0.0,d,d
209,3380380037399.0,407.0,5.26,10.0,8.6,10.8,0.098,0.0,c,c
210,3380380092299.0,486.0,9.0,24.0,4.5,6.5,0.3,8.1,d,d
211,3385050000505.0,281.0,3.0,31.0,0.4,5.5,0.9,0.0,d,d
212,3380000000000.0,407.0,5.26,10.0,8.6,10.8,0.098,0.0,c,c
213,3396410024130.0,580.0,28.0,24.0,11.0,7.0,0.0254,0.0,d,d
214,3396410151430.0,380.0,1.0,34.0,3.6,6.7,0.5,0.0,c,c
215,3396410151447.0,380.0,0.5,36.0,3.0,7.0,0.375,0.0,c,c
216,3396411219948.0,491.0,15.60000038,25.20000076,4.9,5.699999809,0.02999999933,0.0,d,d
217,3396411220760.0,478.0,14.0,21.6,6.3,6.8,0.025,0.0,d,d
218,3396411223464.0,391.0,2.9,7.4,3.8,9.7,0.4,0.0,a,a
219,3396411236235.0,571.0,26.0,29.0,11.0,8.7,0.02,0.0,d,d
220,3396413714410.0,570.0,17.0,42.5,6.0,6.0,0.0254,19.874,e,e
221,3419390405390.0,388.0,9.7,14.0,3.1,7.4,0.8,0.0,d,d
222,3421557102134.0,404.0,2.0,21.1,9.3,8.6,0.02,7.0,b,b
223,3421557106064.0,416.0,6.1,12.0,9.0,10.0,0.16,0.0,c,c
224,3421557108136.0,440.0,3.4,24.0,7.2,9.2,0.06,0.0,c,c
225,3421557110214.0,445.0,5.7,20.0,8.2,9.2,0.07,0.0,c,c
226,3421557110221.0,456.0,4.0,22.0,6.8,8.7,0.05,0.0,c,c
227,3421557110313.0,442.0,2.4,18.0,7.6,9.0,0.01,0.0,b,b
228,3421557110344.0,415.0,5.2,21.7,7.6,9.0,0.1,0.0,c,c
229,3421557111747.0,412.0,4.4,12.0,12.0,11.0,0.02,0.0,c,c
230,3421557500923.0,373.0,0.8,19.0,4.9,9.3,0.03,0.0,a,b
231,3421557501470.0,408.0,4.9,9.0,5.5,10.0,0.85,0.0,c,c
232,3421557501685.0,445.0,5.7,20.0,8.2,9.2,0.07,0.0,c,c
233,3421557501883.0,427.0,3.0,19.0,8.2,10.0,0.05,0.0,c,b
234,3421557501975.0,420.0,4.0,23.0,7.0,8.4,0.05,0.0,c,c
235,3421557502477.0,456.0,4.0,22.0,6.8,8.7,0.05,0.0,c,c
236,3421557502583.0,378.0,2.0,17.0,7.9,13.0,0.04,0.0,a,b
237,3421557502767.0,415.0,6.1,12.0,8.6,10.0,0.16,0.0,c,c
238,3421557502774.0,445.0,5.7,20.0,8.2,9.2,0.07,0.0,c,c
239,3421557508677.0,445.0,5.7,20.0,8.2,9.2,0.07,0.0,c,c
240,3421557600050.0,577.0,24.1,44.5,2.5,5.9,0.36,0.0,e,e
241,3421557600074.0,576.0,27.4,26.8,10.1,7.9,0.04,0.0,d,d
242,3421557600081.0,550.0,25.2,20.8,11.8,9.0,0.02,0.0,d,d
243,3421557600098.0,569.0,22.9,45.2,2.3,6.2,0.41,0.0,e,e
244,3421557600104.0,588.0,24.2,22.3,11.5,9.4,0.03,13.2,d,d
245,3421557602047.0,504.0,15.0,25.0,3.9,8.5,0.15,0.0,d,d
246,3421557602054.0,491.0,16.0,18.0,6.2,8.4,0.05,0.0,d,d
247,3421557904059.0,471.0,13.7,15.6,5.7,7.5,0.03,0.0,d,d
248,3421557904127.0,504.0,15.0,25.0,3.0,8.5,0.15,0.0,d,d
249,3421557904134.0,483.0,15.0,18.0,6.9,8.5,0.05,0.0,d,d
250,3421557904141.0,495.0,17.0,17.0,7.1,7.9,0.06,0.0,d,d
251,3421557904158.0,512.0,16.0,27.0,2.8,7.8,0.17,0.0,e,e
252,3421557920257.0,365.0,0.7,23.0,2.7,5.7,0.02,0.0,c,b
253,3421557920264.0,364.0,1.2,20.0,3.9,6.5,0.02,0.0,b,b
254,3421557920332.0,442.0,3.2,18.0,8.0,9.7,0.04,0.0,c,c
255,3421557920509.0,425.0,2.6,18.0,7.6,9.0,0.01,0.0,b,b
256,3421557920813.0,375.0,2.0,17.0,7.9,13.0,0.04,0.0,a,b
257,3421557921339.0,419.0,2.2000000476837,14.0,9.8000001907349,15.0,0.02,0.0,b,b
258,3423720003552.0,389.0,9.3,20.0,5.5,8.2,0.26,0.0,d,d
259,3426721000070.0,366.0,19.1,15.5,3.3,8.8,0.3,0.0,d,d
260,3428420019919.0,217.0,4.0,26.0,0.9,5.8,0.13,0.0,c,c
261,3420000000000.0,456.0,4.0,22.0,6.8,8.7,0.05,4.1,c,c
262,3433871240027.0,208.0,5.97,21.59,2.48,4.38,0.09,0.0,c,c
263,3433871250026.0,208.0,5.97,21.59,2.48,4.38,0.09,0.0,c,c
264,3433877510063.0,206.0,5.93,21.08,2.31,4.42,0.09,0.0,c,c
265,3430000000000.0,208.0,5.97,21.59,2.48,4.38,0.09,0.0,c,c
266,3450970104258.0,357.0,1.1,24.0,6.2,8.6,0.43,0.0,c,c
267,3456300000238.0,477.0,14.0,23.0,5.3,6.8,0.01,0.0,d,d
268,3450000000000.0,357.0,1.1,24.0,6.2,8.6,0.43,0.0,c,c
269,3465511310371.0,423.0,11.8,15.0,11.5,10.0,0.0,0.0,d,d
270,3465511460502.0,487.0,0.0,0.0,8.2,12.11,0.0,16.667,a,a
271,3467390140308.0,140.0,3.7,14.7,0.0,5.6,0.11,0.0,c,c
272,3474340016354.0,559.0,26.0,32.0,0.0,6.8,0.0,0.0,e,d
273,3501940000213.0,624.0,10.0,30.0,5.0,9.3,0.02,0.0,d,d
274,3501940001302.0,617.0,31.0,26.0,12.0,6.4,0.06,0.0,d,d
275,3501940122922.0,588.0,24.0,46.0,2.8,7.5,0.15,0.0,e,e
276,3501940131009.0,564.0,27.0,26.0,14.0,8.0,0.2,0.0,d,d
277,3501940136509.0,606.0,9.9,41.0,2.7,6.8,0.07,0.0,e,e
278,3501940366005.0,616.0,9.3,30.0,6.0,9.5,0.0,0.0,d,d
279,3501940369006.0,616.0,9.3,30.0,6.0,9.5,0.06,0.0,d,d
280,3501940491004.0,559.0,25.0,26.0,0.0,8.4,0.04,0.0,e,e
281,3501940566009.0,590.0,26.0,47.0,2.5,7.0,0.2,0.0,e,e
282,3501940803005.0,492.0,19.0,33.0,5.9,11.0,0.07,0.0,d,d
283,3501940908007.0,476.0,8.4,27.0,8.6,11.0,0.07,0.0,d,d
284,3523230040297.0,121.0,1.6,13.0,2.0,2.1,0.1,0.0,b,b
285,3523230046800.0,160.0,3.8,20.0,1.0,4.1,0.1,0.0,c,c
286,3523230056021.0,123.0,2.0,13.0,2.0,1.1,0.1,4.0,b,b
287,3523230056038.0,124.0,1.6,14.0,2.2,1.3,0.1,0.0,c,b
288,3523230056076.0,154.0,5.8,13.0,1.0,6.2,0.1,0.0,c,c
289,3525830000848.0,232.0,0.0,62.0,2.3,0.0,0.0,0.0,c,c
290,3525830000886.0,263.0,1.8,50.0,2.4,1.5,0.0,0.0,d,c
291,3533630097159.0,62.0,0.6,9.7,0.6,3.2,0.1,0.0,b,b
292,3560070330867.0,380.0,1.0,24.0,10.0,9.7,0.43,0.0,b,c
293,3560070371037.0,478.0,13.8,22.8,5.8,6.7,0.3,0.0,d,d
294,3560070475964.0,439.0,11.0,53.0,4.6,3.9,0.08,60.0,e,e
295,3560070478606.0,450.0,5.9,36.0,2.5,6.9,0.8,0.0,d,d
296,3560070541362.0,152.0,3.2,20.0,1.0,4.2,0.1,0.0,c,c
297,3560070579006.0,496.0,17.1,21.6,6.7,6.3,0.05,0.0,d,d
298,3560070725588.0,484.0,13.0,24.0,2.7,7.2,0.1,0.0,e,e
299,3560070725618.0,476.0,13.7,22.1,8.4,6.6,0.1,0.0,d,d
300,3560070800230.0,392.0,1.4,29.0,6.6,9.6,0.24,0.0,c,c
301,3560070800261.0,385.0,1.1,28.0,6.3,8.2,0.48,0.0,c,c
302,3560070800292.0,398.0,1.4,30.0,6.5,7.5,0.375,0.0,c,c
303,3560070800568.0,392.0,1.4,29.0,6.6,9.6,0.24,0.0,c,c
304,3560070894550.0,534.0,16.0,35.0,2.6,6.7,0.4,0.0,e,e
305,3560070967698.0,449.0,9.600000381,22.0,3.1,6.400000095,0.6000000238,0.0,d,d
306,3560071007287.0,389.0,1.6,25.0,7.5,9.9,0.22,0.0,b,b
307,3560071015350.0,497.0,14.0,27.0,3.5,7.8,0.1,0.0,d,d
308,3560071090821.0,385.0,1.1,28.0,6.3,8.2,0.48,0.0,c,c
309,3560071094157.0,128.0,2.6,16.0,1.2,3.8,0.1,0.0,c,b
310,3560071182663.0,156.0,4.5,13.0,1.9,5.4,0.1,0.0,c,c
311,3560071182687.0,364.0,14.0,23.0,2.9,6.4,0.11,0.0,d,d
312,3560071267032.0,379.0,1.6,25.0,7.6,9.3,0.22,0.0,b,b
313,3560071281489.0,539.0,18.0,37.0,5.6,9.2,0.07,16.7,e,e
314,3560071281519.0,539.0,17.0,39.0,7.4,7.7,0.16,15.2,e,e
315,3560071407599.0,376.0,2.8,8.0,8.9,11.0,0.03,0.0,a,a
316,3560071417208.0,465.0,5.6,13.0,8.0,10.0,0.04,0.0,c,c
317,3560071430351.0,479.0,9.7,31.0,2.9,6.0,0.26,0.0,d,d
318,3564700395707.0,91.0,0.6,11.0,1.9,3.3,0.12,0.0,b,b
319,3564706614819.0,386.0,1.1,22.0,4.0,8.3,0.29,0.0,b,b
320,3564706614826.0,390.0,1.5,29.0,7.1,9.3,0.23,0.0,c,c
321,3564706640948.0,324.0,13.0,21.0,3.7,7.8,0.25,0.0,d,d
322,3564707102094.0,487.0,13.0,21.0,5.300000191,7.699999809,0.02,0.0,d,d
323,3564707115018.0,184.0,6.2,15.0,3.0,5.6,0.1,0.0,c,c
324,3564707120999.0,491.0,13.0,24.0,2.9,7.5,0.07,0.0,d,d
325,3564707121033.0,492.0,13.0,21.0,6.4,7.7,0.02,0.0,d,d
326,3564707135856.0,365.0,14.0,23.0,2.9,6.4,0.11,0.0,d,d
327,3564707147743.0,371.0,1.8,20.0,8.9,11.0,0.42,0.0,b,b
328,3564707157896.0,499.0,14.0,29.0,3.5,7.0,0.1,0.0,e,d
329,3564707168847.0,71.0,1.3,9.7,0.0,3.5,0.1,0.0,b,b
330,3564707186230.0,433.0,5.3,22.0,7.2,9.4,0.05,0.0,c,c
331,3564707186278.0,444.0,6.0,20.0,8.7,9.6,0.05,0.0,c,c
332,3567100000004.0,559.0,22.5,48.3,6.6,0.0,0.17,0.0,e,e
333,3560000000000.0,444.0,6.0,20.0,8.7,9.6,0.05,0.0,c,c
334,3571374011604.0,462.0,1.8,52.0,4.5,13.0,0.08,118.0,b,c
335,3571375922206.0,441.0,7.5,19.0,6.4,12.0,0.1,30.0,d,d
336,3571375929205.0,441.0,7.5,19.0,6.4,12.0,0.1,0.0,d,d
337,3572420000740.0,386.0,2.6,21.3,11.0,9.6,0.01,0.0,b,b
338,3572420001327.0,390.0,1.1,25.4,10.5,12.3,0.6,0.0,c,c
339,3580281080184.0,442.0,8.7,20.0,7.7,10.0,0.02,0.0,d,d
340,3595120012974.0,405.0,6.4,41.9,6.9,12.7,0.3,75.0,d,d
341,3596710307333.0,509.0,14.3,24.0,6.4,7.4,0.0,0.0,d,d
342,3596710346066.0,391.0,1.5,34.0,5.0,7.0,0.25,0.0,c,c
343,3596710380916.0,497.0,14.3,27.0,3.5,7.8,0.1,0.0,d,d
344,3596710430772.0,183.0,6.2,15.0,0.5,5.6,0.12,0.0,d,c
345,3596710436903.0,79.0,1.2,9.3,9.6,3.4,0.14,0.0,b,b
346,3596710464975.0,320.0,13.0,21.0,3.0,6.9,0.16,0.0,d,d
347,3596710472796.0,359.0,13.0,24.0,2.2,6.6,0.12,0.0,d,d
348,3608580765677.0,332.0,15.0,13.0,3.4,7.9,0.13,0.0,d,d
349,3661344855212.0,151.0,3.4,18.7,1.0,4.3,0.29,0.0,c,c
350,3662072084974.0,415.0,7.0,14.0,11.0,25.0,0.05,0.0,c,c
351,3664678015178.0,423.0,3.95,19.07,5.82,8.83,0.1,0.0,c,c
352,3664678103806.0,473.0,9.83,12.62,3.03,7.0,0.02,0.0,d,d
353,3660000000000.0,415.0,7.0,14.0,11.0,25.0,0.05,0.0,c,c
354,3700036900028.0,435.0,6.6,19.5,7.8,7.5,0.2,9.48,c,c
355,3700125802004.0,591.0,22.0,40.0,0.0,8.7,0.16,0.0,e,e
356,3700152400723.0,592.0,21.2,33.4,0.0,8.6,0.0,0.0,e,d
357,3700195678424.0,375.0,4.94,22.94,16.94,26.02,0.69,0.0,d,c
358,3700214613160.0,232.0,22.0,1.3,10.0,1.9,0.7,0.0,c,d
359,3700214613627.0,504.0,15.3,27.7,4.3,5.6,0.05,0.0,d,d
360,3700254081271.0,473.0,14.0,33.0,0.0,7.6,1.0,0.0,e,e
361,3700531201859.0,571.0,23.0,45.0,2.7,8.1,0.19,0.75,e,e
362,3700531201927.0,576.0,25.0,24.0,5.8,9.3,0.18,0.0,d,d
363,3700531201965.0,534.0,23.0,33.0,9.1,5.5,0.15,0.0,d,e
364,3700531202023.0,480.0,18.0,34.0,7.8,5.3,0.0,0.0,d,d
365,3700531202047.0,539.0,20.0,46.0,4.9,6.9,0.02,0.0,e,e
366,3700531202061.0,565.0,20.0,48.0,2.3,7.3,0.15,12.0,e,e
367,3700531202085.0,543.0,24.0,47.0,5.0,6.0,0.009999999776,0.0,e,e
368,3700531202122.0,568.0,27.0,26.0,14.0,8.0,0.200000003,0.0,d,d
369,3700531202672.0,629.0,22.0,39.0,4.1,9.2,0.26,0.0,e,e
370,3700531211681.0,561.0,21.0,39.0,5.1,7.0,0.19,8.667,e,e
371,3700569022136.0,471.0,8.3,17.5,7.8,11.8,0.06,0.0,d,d
372,3701239902567.0,300.0,5.0,27.0,2.8,5.4,0.1,0.0,c,c
373,3701239902574.0,285.0,3.8,27.0,2.0,8.3,0.49,0.0,d,c
374,3701239902581.0,291.0,4.4,27.0,4.6,5.1,0.14,0.0,c,c
375,3701367600168.0,348.9,6.0,42.2,3.9,5.1,0.0,64.0,d,d
376,3701367600175.0,364.0,5.7,40.7,3.4,5.3,0.012,0.0,d,d
377,3701424000788.0,512.0,17.0,38.0,5.0,6.0,0.18,0.0,e,e
378,37466016450.0,575.0,11.0,5.0,6.0,5.0,37.5,0.0,d,d
379,3760014422935.0,412.0,4.0,23.5,9.6,12.1,0.1,0.0,c,c
380,3760020503833.0,397.0,3.3,11.0,11.0,11.0,0.03,0.0,a,b
381,3760020508678.0,557.0,8.9,44.4,5.6,5.2,0.1,0.0,d,d
382,3760026141398.0,476.0,2.8,45.0,6.5,14.0,0.02,0.0,c,c
383,3760030721319.0,95.0,2.0,23.0,11.0,15.0,0.03,0.0,b,b
384,3760049797589.0,367.0,4.1,13.0,2.1,8.3,0.96,0.0,d,c
385,3760049798432.0,363.0,3.8,12.0,3.1,8.5,0.9,0.0,c,b
386,3760052230653.0,194.0,1.6,42.0,2.1,0.09,0.04,0.0,c,d
387,3760054740716.0,427.0,12.23,12.6,2.8,6.6,0.7,0.0,d,e
388,3760059786665.0,120.0,0.0,22.0,3.0,2.0,0.0,11.111,b,b
389,3760072010204.0,332.4,1.7,48.3,3.4,1.8,0.0,0.0,d,c
390,3760072010310.0,332.3999939,1.700000048,48.29999924,3.4,1.799999952,0.0,0.0,d,c
391,3760077180063.0,546.0,23.5,23.5,12.5,11.7,0.0152,5.0,d,d
392,3760077180094.0,433.0,18.6,25.6,11.43,5.4,0.01,0.0,d,d
393,3760077180193.0,517.0,21.7,38.2,0.0,7.7,0.05,0.0,e,e
394,3760077180230.0,541.4,24.48,23.13,12.13,7.16,0.0,10.0,d,d
395,3760077180544.0,579.0,22.1,21.4,11.9,10.4,0.02,20.0,d,d
396,3760077183736.0,560.0,28.6,42.5,8.8,4.6,0.268,24.0,e,e
397,3760077187642.0,571.0,28.1,49.1,6.1,4.1,0.12,0.0,e,e
398,3760077187673.0,560.0,28.6,45.1,8.8,4.6,0.07,24.0,e,e
399,3760091728449.0,379.0,4.9,26.0,9.9,4.1,0.0,48.0,c,c
400,3760091728487.0,379.0,4.9,26.0,9.9,4.1,0.0,48.0,c,c
401,3760091728494.0,422.0,9.3,17.0,11.0,5.6,0.0,0.0,d,d
402,3760092217287.0,549.0,12.0,37.0,3.5,4.2,0.0,0.0,e,e
403,3760109056038.0,504.0,14.0,34.0,3.2,6.3,0.82,0.0,e,e
404,3760109056070.0,464.0,13.0,39.0,3.5,4.9,0.15,0.0,e,e
405,3760121211224.0,492.0,14.0,23.0,3.9,5.9,0.13,0.0,d,d
406,3760121211231.0,491.0,16.0,20.0,4.5,6.0,0.12,0.0,d,d
407,3760121213020.0,128.0,3.1,15.0,1.1,3.4,0.11,0.0,c,c
408,3760121214508.0,328.0,2.6,9.5,10.0,12.0,0.01,13.0,a,b
409,3760121215291.0,517.0,12.0,25.0,4.1,7.1,0.49,0.0,e,d
410,3760121215574.0,128.0,3.1,14.0,0.8,3.6,0.1,0.0,c,c
411,3760121216953.0,356.0,16.0,20.0,2.9,7.0,0.3,0.0,d,d
412,3760121217080.0,140.0,3.7,15.0,0.0,5.6,0.11,0.0,c,c
413,3760121217813.0,416.0,1.6,23.0,8.0,8.2,0.01,0.0,c,b
414,3760121217820.0,416.0,1.6,23.0,8.0,8.2,0.01,0.0,c,b
415,3760121217905.0,562.0,22.0,43.0,2.2,6.5,0.16,0.0,e,e
416,3760121217912.0,573.0,22.0,40.0,8.1,5.2,0.67,0.0,e,e
417,3760122961302.0,520.0,16.0,29.0,0.0,6.9,0.73,0.0,e,e
418,3760134632009.0,402.0,12.0,19.0,0.0,7.5,0.99,0.0,e,e
419,3760152700735.0,443.0,9.6,28.0,4.6,5.9,0.01,0.0,d,d
420,3760159102860.0,486.0,14.0,24.0,6.0,6.9,0.13,0.0,d,d
421,3760159103577.0,485.0,13.0,27.0,5.2,6.3,0.13,0.0,d,d
422,3760182020025.0,471.0,3.7,30.7,8.5,10.4,0.0048,0.0,c,c
423,3760182020230.0,447.0,12.2,48.0,7.6,3.6,0.02,0.0,e,e
424,3760211821401.0,397.0,1.6,37.0,7.9,7.4,0.02,0.0,c,c
425,3760211821425.0,441.0,5.1,21.0,7.8,9.9,0.1,0.0,c,c
426,3760231780382.0,554.0,23.0,35.0,0.0,8.0,0.025,0.0,e,d
427,3760253540018.0,469.0,12.2,26.1,1.2,6.5,0.01,0.0,e,e
428,3760253540049.0,445.0,9.76,27.93,4.23,5.99,0.01,0.0,d,d
429,3760266120306.0,329.0,14.6,25.0,2.8,2.5,0.217,0.0,d,d
430,3760274102172.0,407.0,4.1,15.0,4.7,14.0,0.11,0.0,c,c
431,3760278630374.0,478.0,13.1,29.6,3.2,6.6,0.2,0.0,d,d
432,3760286460093.0,467.0,4.3,18.9,8.1,10.8,0.1,9.0,c,c
433,3760000000000.0,128.0,3.1,14.0,0.8,3.6,0.1,0.0,c,c
434,3770000459319.0,478.0,3.5,24.0,2.7,9.2,0.07,0.0,d,c
435,3770002635353.0,388.0,3.8,36.0,0.0,6.3,0.75,0.0,d,d
436,3770003574101.0,519.62,23.7,23.27,12.37,9.0,0.19,0.0,d,d
437,3770003574125.0,535.64,25.5,21.49,13.08,8.44,0.22,0.0,d,d
438,3770003574149.0,503.0,15.0,30.6,10.9,7.0,0.2,0.0,d,d
439,3770003574187.0,533.1,42.0,20.1,12.9,9.5,0.2,0.0,d,d
440,3770003574194.0,529.0,0.0,21.2,12.9,8.3,1.4,0.0,d,c
441,3770003574293.0,570.0,32.4,0.3,16.7,11.6,0.0,0.0,d,d
442,3770004620609.0,556.0,14.0,32.0,10.86,9.0,0.05,0.0,d,d
443,3770004621255.0,384.6,18.18,17.15,7.8,6.87,0.02,0.0,d,d
444,3770005222376.0,370.0,4.6,11.0,9.5,11.0,0.04,0.0,b,b
445,3770005222383.0,122.0,1.7,4.0,3.0,3.0,0.01,3.0,b,a
446,3770005222413.0,370.0,6.800000191,11.0,9.5,11.0,0.04,0.0,c,b
447,3770006003561.0,432.0,5.5,13.3,8.8,13.4,0.12,0.0,c,c
448,3770007543509.0,430.0,6.0,17.3,7.1,10.7,0.5,0.0,c,c
449,3770008500013.0,496.0,5.08,23.65,7.84,15.54,0.35,0.0,c,c
450,3770008500020.0,417.0,3.1,23.7,12.12,15.1,1.0,0.0,d,c
451,3770008500044.0,585.0,10.8,12.1,9.5,22.7,0.22,0.0,c,d
452,3770008500068.0,597.0,11.4,13.4,10.7,16.7,0.02,0.0,c,d
453,3770008500082.0,674.0,8.3,10.6,6.9,12.4,0.01,0.0,d,d
454,3770008500136.0,585.0,10.8,12.1,9.5,22.7,0.22,0.0,d,d
455,3770011373130.0,431.0,4.0,32.0,8.0,14.0,69.0,0.0,e,d
456,3770012006792.0,666.0,9.399999619,11.69999981,14.6,14.10000038,0.02,0.0,d,d
457,3770013545511.0,424.0,6.0,17.0,8.7,11.0,0.56,0.0,c,c
458,3770013545559.0,393.0,6.0,8.4,9.3,11.9,0.0,10.0,b,b
459,3770013545580.0,444.0,3.8,21.0,7.9,6.0,0.6,14.0,c,c
460,3770013545597.0,468.0,3.9,20.0,8.8,3.6,0.59,27.0,c,c
461,3770013545764.0,430.0,5.9,15.5,9.1,9.6,0.4,0.0,c,c
462,3770013545832.0,487.0,4.0,22.8,8.0,6.0,0.15,14.0,c,c
463,3770013545894.0,512.0,3.8,22.0,8.4,5.9,0.15,27.0,c,c
464,3770015307025.0,220.4,6.6,20.6,2.3,4.2,0.1,0.0,c,c
465,3770015402096.0,415.0,5.329999924,8.399999619,11.0,19.59000015,0.01,0.0,c,c
466,3770016639095.0,427.0,5.6,13.1,8.9,12.8,0.12,0.0,c,c
467,3770016639125.0,438.0,4.8,11.7,9.0,13.2,0.12,0.0,c,c
468,3770016639156.0,438.0,5.8,13.3,8.5,13.5,0.13,0.0,c,c
469,3770016639163.0,450.0,5.1,11.8,8.7,14.0,0.13,0.0,c,c
470,3770018153018.0,337.0,2.6,12.0,6.2,5.9,0.36,9.0,b,b
471,3770023905008.0,498.0,8.6,28.0,11.0,10.0,0.06,0.0,d,d
472,3770000000000.0,370.0,6.800000191,11.0,9.5,11.0,0.04,0.0,c,b
473,3700000000000.0,300.0,5.0,27.0,2.8,5.4,0.1,0.0,c,c
474,38000011610.0,406.25,1.5625,37.5,0.0,3.125,0.9765625,0.0,d,d
475,38000094569.0,384.62,1.54,25.0,1.5,4.62,0.9769,0.0,d,c
476,38000219528.0,375.0,2.5,37.0,1.2,5.0,0.37,0.0,d,d
477,38000768620.0,387.0,1.61,38.71,3.2,3.23,1047.5,0.0,d,c
478,3800232730518.0,500.0,18.0,19.0,5.0,9.7,0.0,0.0,d,d
479,3800232985215.0,562.0,38.0,25.0,12.0,5.5,0.48,56.8,d,d
480,3800232985239.0,552.0,37.0,25.0,12.0,5.6,0.5,53.1,d,d
481,319638.0,445.0,6.7,57.7,2.3,3.3,1.55,0.0,e,d
482,4003994150245.0,381.0,1.0,29.0,5.0,9.0,0.8,0.0,c,c
483,4003994655290.0,377.0,0.9,27.0,5.0,9.0,0.78,0.0,c,c
484,4005047166142.0,407.0,4.2,15.5,7.9,11.1,0.1,0.0,c,c
485,4005514075861.0,439.0,3.2,16.5,6.3,9.2,0.4,0.0,c,c
486,4006040021520.0,383.0,2.5,21.0,3.0,5.0,0.6,0.0,c,c
487,4006040054429.0,556.0,31.0,39.0,5.4,4.0,0.1,0.0,e,e
488,4008471483342.0,126.0,3.1,15.9,0.3,4.8,0.2,0.0,c,c
489,4010355177995.0,396.0,4.4,12.0,11.0,8.4,0.2,0.0,b,b
490,4011800523220.0,431.0,9.8,35.9,0.0,5.1,0.4,0.0,e,e
491,4015637823225.0,382.0,1.6,19.0,5.3,7.8,0.89,0.0,c,c
492,4015637824079.0,436.0,6.2,8.9,5.8,10.0,0.428,0.0,c,c
493,4016249009267.0,405.0,1.8,15.0,7.8,9.7,0.3,0.0,b,b
494,4010000000000.0,383.0,2.5,21.0,3.0,5.0,0.6,0.0,c,c
495,4021234131649.0,474.0,3.7,19.0,7.9,9.5,0.02,0.0,c,c
496,4021234160007.0,449.0,3.5,18.0,8.0,9.0,0.2,0.0,c,c
497,4029679520011.0,334.0,4.2,36.0,11.0,32.0,0.3,0.0,d,d
498,4020000000000.0,449.0,3.5,18.0,8.0,9.0,0.2,0.0,c,c
499,4056489109754.0,117.0,2.2,15.8,1.0,3.1,0.1,0.0,c,b
500,4058172294938.0,576.0,16.0,34.0,6.7,12.0,0.09,0.0,e,e
501,4000000000000.0,377.0,0.9,27.0,5.0,9.0,0.78,0.0,c,c
502,4104420017849.0,395.0,5.0,12.1,8.4,10.8,0.15,0.0,b,b
503,4104420019560.0,442.0,2.8,22.0,8.1,9.8,0.17,0.0,c,b
504,4104420019782.0,463.0,3.8,20.0,8.6,9.9,0.18,0.0,c,c
505,4104420053069.0,501.0,15.0,27.6,2.7,7.5,0.2,0.0,e,e
506,4104420053786.0,582.0,18.5,22.8,8.3,10.6,0.1,23.49,d,d
507,4104420053700.0,584.0,19.0,45.0,2.4,7.8,0.25,35.0,e,e
508,4104420054363.0,489.0,15.0,25.0,3.4,7.300000191,0.200000003,0.0,d,d
509,4104420055643.0,409.0,11.5,52.5,4.9,3.1,0.025,0.0,e,e
510,4104420055964.0,603.0,17.0,32.0,6.7,12.0,0.13,0.0,e,e
511,42100522.0,541.0,28.0,41.0,7.8,4.0,0.0,11.111,e,e
512,42143956.0,541.0,28.8,36.1,9.4,4.7,0.08,0.0,e,e
513,42214458.0,490.0,6.7,47.0,4.1,7.2,0.03,0.0,d,d
514,42247104.0,509.0,9.5,42.0,4.0,8.8,0.05,0.0,d,d
515,4260546670112.0,483.0,9.5,30.0,4.9,5.4,0.5,0.0,d,d
516,4305615478166.0,460.0,9.3,28.0,1.9,6.3,0.08,0.0,e,e
517,462124508327.0,372.0,0.8,26.0,4.0,9.3,0.27,0.0,b,b
518,4770175046092.0,374.0,15.9,23.8,0.0,13.2,0.05,0.0,e,e
519,5010029204735.0,386.0,2.3,17.0,10.0,10.0,0.16,0.0,a,b
520,5010477352590.0,451.0,4.3,19.1,6.0,8.0,0.03,0.0,c,c
521,5010477353511.0,451.0,4.3,19.1,6.0,8.0,0.03,0.0,c,c
522,5010477354112.0,456.0,5.3,18.5,5.7,9.4,0.03,0.0,c,c
523,5010477360755.0,460.0,3.8,3.8,16.9,11.1,0.03,6.0,a,c
524,5011766778008.0,405.0,2.5,24.0,3.5,6.6,0.29,0.0,c,b
525,5011835103823.0,580.0,25.0,29.0,10.0,9.1,0.13,0.0,d,d
526,5013665103028.0,488.0,14.6,23.4,7.4,6.8,0.0,0.0,d,d
527,5010000000000.0,405.0,2.5,24.0,3.5,6.6,0.29,0.0,c,b
528,5050083230066.0,369.0,0.9,27.0,5.0,9.0,0.78,0.0,c,c
529,5050083293788.0,381.0,1.0,29.0,5.0,9.0,0.7799999714,0.0,c,c
530,5050083499586.0,387.0,1.0,35.0,2.0,5.0,0.75,0.0,d,d
531,5050083560149.0,377.0,0.9,27.0,5.0,9.0,0.78,0.0,c,c
532,5053827111058.0,389.0,1.0,35.0,2.0,5.5,0.75,0.0,d,d
533,5053827155311.0,381.0,0.3,8.7,1.5,2.7,0.23,0.0,c,b
534,5053827155946.0,381.0,1.0,29.0,5.0,9.0,0.78,0.0,c,c
535,5053827156431.0,381.0,1.0,29.0,5.0,9.0,0.78,0.0,c,c
536,5053827201568.0,377.0,0.9,27.0,5.0,9.0,0.8,0.0,c,c
537,5050000000000.0,369.0,0.9,27.0,5.0,9.0,0.78,0.0,c,c
538,5060201623205.0,376.0,1.7,21.9,6.3,19.4,0.11,0.0,a,b
539,5060350560765.0,394.0,0.2,7.0,2.3,48.1,0.9,0.0,b,c
540,5060399740616.0,356.0,2.9,0.0,2.3,25.0,0.74,0.0,b,b
541,5060401053208.0,706.0,24.0,27.0,12.0,9.0,0.01,0.0,d,d
542,5060455513963.0,625.0,10.4,12.8,8.2,12.3,0.04,0.0,d,d
543,50663811.0,477.0,17.7,35.4,7.6,4.3,0.0,0.0,d,d
544,5231423390095.0,448.0,2.9,17.0,6.0,10.0,0.04,9.0,b,b
545,5391500913002.0,485.0,13.0,27.0,5.2,6.3,0.13,0.0,d,d
546,5400111052274.0,497.0,14.0,33.0,4.5,6.5,0.25,0.0,e,e
547,5407006581284.0,457.0,5.8,21.2,7.6,9.3,0.11,0.0,c,c
548,5410059033143.0,2059.0,15.3,53.7,0.0,5.5,0.03,0.0,e,e
549,5411188125389.0,69.0,0.7,7.8,1.2,3.4,0.14,0.0,a,a
550,5411788034593.0,495.0,14.0,24.0,6.1,6.900000095,0.0,0.0,d,d
551,5411788046961.0,497.0,16.1,20.5,7.2,7.4,0.01,0.0,d,d
552,5412158001726.0,460.0,10.7,22.4,3.4,6.5,0.01,0.0,d,d
553,5412672266519.0,543.0,8.9,29.5,6.5,10.4,0.06,0.0,d,d
554,5414150615956.0,79.0,1.1,11.7,0.0,3.2,0.12,0.0,b,b
555,5414150629236.0,70.0,1.1,10.0,0.0,3.2,0.12,0.0,b,b
556,5425007881622.0,524.0,21.43,38.1,7.1,7.14,150.0,0.0,e,e
557,5600317471613.0,425.0,4.0,8.2,12.0,13.0,0.08,100.0,a,c
558,5600317476885.0,379.0,6.0,39.0,7.7,13.0,0.25,40.25,d,d
559,5601009160150.0,402.0,1.4,30.2,4.3,7.8,0.2,0.0,c,c
560,5601312047872.0,472.0,5.0,21.0,4.5,9.0,0.35,0.0,c,c
561,5600000000000.0,472.0,5.0,21.0,4.5,9.0,0.35,0.0,c,c
562,6001306000590.0,350.0,1.8,27.7,4.7,8.8,365.76,0.0,c,c
563,602652206009.0,434.7826087,2.173913043,21.73913043,4.347826087,4.347826087,0.7065217391,0.0,c,c
564,634065621650.0,460.0,6.4,4.4,0.0,88.0,0.64,0.0,d,c
565,638564873008.0,550.0,2.5,37.5,7.5,10.0,0.0,0.0,c,c
566,66188008405.0,500.0,32.1429,0.0,14.2857,10.7143,0.0,0.0,d,d
567,687456222011.0,409.0,9.0,22.0,7.0,7.0,0.03,0.0,d,d
568,7039317007351.0,480.0,7.9,30.0,4.8,7.1,0.74,0.0,d,d
569,7108814119505.0,388.0,2.5,22.5,7.8,8.5,0.2,0.0,b,b
570,71543253.0,391.0,1.6,22.5,7.9,8.8,0.22,0.0,a,b
571,7290000591797.0,483.0,12.0,36.0,2.3,6.4,0.01,0.0,e,e
572,7610200096968.0,380.0,1.5,36.0,8.0,8.0,0.6000000238,0.0,c,c
573,7610202330183.0,597.0,31.0,34.0,6.0,6.0,0.2,20.0,e,e
574,7610829142220.0,475.0,6.5,20.0,6.4,8.4,0.28,0.0,d,c
575,7610846813059.0,502.0,15.0,25.0,3.0,8.0,0.1,0.0,d,d
576,7610846813073.0,481.0,14.0,23.0,7.0,6.0,0.02999999933,0.0,d,d
577,7613030863434.0,291.0,8.3,23.7,2.5,5.2,0.12,0.0,d,d
578,7613031467303.0,400.0,4.5,16.7,8.0,8.9,0.71,0.0,c,c
579,7613034932266.0,403.0,2.0,24.9,7.2,7.4,0.04,0.0,c,b
580,7613035279742.0,382.0,1.1,28.6,3.1,6.2,0.41,0.0,c,c
581,7613035361201.0,410.0,1.333333353,25.0,5.4,8.000000318,0.5000000199,0.0,c,c
582,7613036669146.0,391.0,1.6,22.5,7.9,8.8,0.22,0.0,a,b
583,7613038406541.0,423.0,3.0,16.0,8.2,9.5,0.22,2.0,b,b
584,7613196001763.0,120.0,2.8,14.0,0.3,4.2,0.08,0.0,c,b
585,7613269475576.0,117.0,2.5,16.0,0.5,3.4,0.1,0.0,c,b
586,7613287533265.0,391.0,1.6,24.9,7.9,9.0,0.22,0.0,b,b
587,7616600711302.0,129.0,2.4,18.0,0.5,4.0,0.1,0.0,c,b
588,7610000000000.0,403.0,2.0,24.9,7.2,7.4,0.04,0.0,c,b
589,7622210489425.0,494.0,10.5,42.0,1.6,6.3,0.027,0.0,e,e
590,7622210758200.0,613.0,30.0,27.0,9.7,6.1,0.0,0.0,d,d
591,7622210762832.0,613.0,29.0,27.0,9.7,6.1,0.01,0.0,d,d
592,7622300742324.0,490.0,11.0,33.0,5.2,7.3,1.1,0.0,e,e
593,787692835409.0,368.42,6.0,21.0,8.77,14.04,0.9358,0.0,d,c
594,787692870028.0,457.14,8.57,25.71,11.43,17.14,0.9434,0.0,d,d
595,7891000889701.0,138.0,2.2,11.0,1.2,2.2,142.24,0.0,d,b
596,8000155507500.0,481.0,2.9,24.6,3.0,7.2,0.8,0.0,d,c
597,8000605051690.0,465.0,8.2,27.0,2.6,7.4,0.56,0.0,d,e
598,8002590058043.0,455.0,3.5,12.0,18.0,10.0,0.08,38.0,b,c
599,8002885007794.0,506.0,2.8,16.0,5.8,11.0,0.02,0.0,c,b
600,8005020011328.0,362.0,16.0,24.0,0.0,5.0,0.15,0.0,e,d
601,8009004811256.0,458.0,5.1,23.0,4.3,6.9,0.37,0.0,d,c
602,8009004901186.0,588.0,29.0,24.0,11.0,9.0,0.02,0.0,d,d
603,8009004901261.0,611.0,32.0,17.0,12.0,9.0,0.02,0.0,d,d
604,8013399152955.0,557.0,16.0,37.0,8.3,6.9,0.02,0.0,e,e
605,8017331061923.0,612.0,20.0,19.0,23.0,10.0,0.1,0.0,d,d
606,8017596057792.0,402.0,3.0,24.0,6.1,7.0,0.5,0.0,c,c
607,8020241098279.0,336.0,12.08,18.4,3.03,5.7,0.086,0.0,d,d
608,8023065116150.0,481.0,7.3,54.0,5.1,7.1,0.05,0.0,d,d
609,8052745690130.0,492.0,14.0,23.0,3.9,5.9,0.1,0.0,d,d
610,8052745690147.0,491.0,16.0,20.0,4.5,6.0,0.12,0.0,d,d
611,8052745690154.0,504.0,15.0,29.0,2.7,6.3,0.0,0.0,e,e
612,8052745690239.0,476.0,12.0,27.0,5.5,6.1,0.12,0.0,d,d
613,8052745690253.0,461.0,12.0,26.0,5.0,6.3,0.12,0.0,d,d
614,8076809542616.0,427.0,3.4,21.0,7.0,8.5,0.513,0.0,c,c
615,810048013531.0,558.0,23.26,27.91,11.6,9.3,30.0,0.0,d,d
616,8410297165955.0,68.0,1.1,9.8,0.3,3.2,0.1,0.0,b,b
617,8411724000597.0,503.0,20.0,52.0,6.7,7.4,0.68,0.0,e,e
618,8431876269741.0,497.0,14.0,27.0,3.5,7.8,0.1,0.0,d,d
619,8431876269758.0,484.0,15.0,24.0,6.0,6.1,0.03,0.0,d,d
620,8435037840596.0,460.0,10.7,22.4,5.7,6.5,0.0,0.0,d,d
621,85239041222.0,594.0,6.25,15.62,9.4,18.75,507.5,0.0,c,c
622,853522000702.0,531.0,21.88,46.88,3.1,3.12,0.155,0.0,e,e
623,853547003047.0,594.0,18.75,15.62,6.2,18.75,352.5,0.0,d,d
624,857777004287.0,404.0,3.85,25.0,9.6,23.08,817.5,0.0,d,c
625,857777004300.0,404.0,3.85,25.0,9.6,23.08,1155.0,0.0,d,c
626,857777004928.0,210.0,1.5,18.0,9.6,12.0,0.525,14.29,a,b
627,859162007200.0,404.0,3.85,25.0,9.6,23.08,1155.0,0.0,d,c
628,8594071484538.0,407.0,9.0,36.0,11.0,9.0,0.02,0.0,c,d
629,8594071484583.0,397.0,4.0,29.0,8.0,20.0,0.43,0.0,c,c
630,8595657100019.0,378.0,5.0,42.0,10.0,8.0,0.0,0.0,d,d
631,8590000000000.0,407.0,9.0,36.0,11.0,9.0,0.02,84.0,c,d
632,8711812420604.0,447.0,5.9,15.3,10.6,9.8,0.1,0.0,c,c
633,8711812421373.0,383.0,1.8,8.1,12.3,12.0,0.02,1.5,a,a
634,87172706.0,568.0,9.0,49.0,5.0,3.200000048,0.0,0.0,e,d
635,876012010418.0,524.0,21.43,38.1,7.1,7.14,150.0,0.0,e,e
636,9176464688977.0,461.0,4.3,15.0,8.2,10.0,0.03,0.0,c,c
637,9542031695.0,566.6666667,30.0,16.66666667,7.5,10.0,0.0,0.0,d,d
638,973182.0,233.0,1.4,11.0,5.4,6.3,0.2,0.0,a,b
